{"cameraMode":{"drawMode":0,"name":"Shaded","section":"Shading Mode"},"sceneLighting":false,"audioPlay":false,"sceneViewState":{"showFog":true,"showMaterialUpdate":false,"showSkybox":false,"showFlares":true,"showImageEffects":true,"showParticleSystems":true},"in2DMode":false,"pivot":{"x":0.34529733657836916,"y":-0.12874996662139893,"z":0.008284643292427063},"rotation":{"x":-0.17294374108314515,"y":0.6911799311637878,"z":-0.1759791076183319,"w":-0.6792585253715515},"size":4.028005123138428,"orthographic":false}